{
  "evaluated_at": "2026-06-12T13:24:28",
  "hard_skill_metrics": {
    "precision": 0.7018348623853211,
    "recall": 0.9053254437869822,
    "f1": 0.7906976744186046,
    "category_accuracy": 1.0,
    "exact_match_rate": 0.4819277108433735,
    "tp": 153,
    "fp": 65,
    "fn": 16,
    "sample_count": 83
  },
  "soft_skill_metrics": {
    "coverage": 1.0,
    "precision": 0.8083333333333333,
    "dimension_accuracy": 1.0,
    "predicted_count": 240,
    "gold_count": 194,
    "matched_count": 194,
    "sample_count": 69
  },
  "dataset_summary": {
    "hard_skill_sample_count": 83,
    "soft_skill_sample_count": 69
  }
}