{
  "evaluated_at": "2026-06-12T17:11:43",
  "hard_skill_metrics": {
    "precision": 0.7018348623853211,
    "recall": 0.9053254437869822,
    "f1": 0.7906976744186046,
    "category_accuracy": 1.0,
    "exact_match_rate": 0.4819277108433735,
    "tp": 153,
    "fp": 65,
    "fn": 16,
    "sample_count": 83
  },
  "soft_skill_metrics": {
    "coverage": 0.8012269938650307,
    "precision": 0.37186788154897493,
    "dimension_accuracy": 0.8097165991902834,
    "predicted_count": 1756,
    "gold_count": 815,
    "matched_count": 653,
    "sample_count": 300
  },
  "dataset_summary": {
    "hard_skill_sample_count": 83,
    "soft_skill_sample_count": 300
  }
}