{
  "evaluated_at": "2026-06-12T19:13:07",
  "hard_skill_metrics": {
    "precision": 0.7018348623853211,
    "recall": 0.9053254437869822,
    "f1": 0.7906976744186046,
    "category_accuracy": 1.0,
    "exact_match_rate": 0.4819277108433735,
    "tp": 153,
    "fp": 65,
    "fn": 16,
    "sample_count": 83
  },
  "soft_skill_metrics": {
    "coverage": 0.7928703134603565,
    "precision": 0.7222844344904815,
    "dimension_accuracy": 0.8660436137071651,
    "predicted_count": 1786,
    "gold_count": 1627,
    "matched_count": 1290,
    "sample_count": 300
  },
  "dataset_summary": {
    "hard_skill_sample_count": 83,
    "soft_skill_sample_count": 300
  }
}