{
  "evaluated_at": "2026-06-12T16:38:41",
  "hard_skill_metrics": {
    "precision": 0.7018348623853211,
    "recall": 0.9053254437869822,
    "f1": 0.7906976744186046,
    "category_accuracy": 1.0,
    "exact_match_rate": 0.4819277108433735,
    "tp": 153,
    "fp": 65,
    "fn": 16,
    "sample_count": 83
  },
  "soft_skill_metrics": {
    "coverage": 0.6773006134969325,
    "precision": 0.3979812545061283,
    "dimension_accuracy": 0.8152866242038217,
    "predicted_count": 1387,
    "gold_count": 815,
    "matched_count": 552,
    "sample_count": 300
  },
  "dataset_summary": {
    "hard_skill_sample_count": 83,
    "soft_skill_sample_count": 300
  }
}